<?xml version="1.0" encoding="UTF-8"?>  
<!DOCTYPE struts PUBLIC  
    "-//Apache Software Foundation//DTD Struts Configuration 2.0//EN"  
    "http://struts.apache.org/dtds/struts-2.0.dtd">
<struts>
	<constant name="struts.objectFactory" value="spring" />
	<constant name="struts.action.extension" value="html" />   
    <package name="demo" extends="httl-default">
        <action name="books" class="com.demo.action.BooksAction">
            <result type="httl">/books.httl</result>
		</action>
    </package>
</struts>